region_key,oblast_name_uk,oblast_name_en,year,region_label,disposal_on_landfills,generated,incinerated,recovery,facility_count,unique_facility_types,accumulated_on_landfills,recovery_rate,landfill_rate,modeled_recyclable_potential_thsd_t,recovery_gap_thsd_t,climate_impact_potential_t_co2e,sorting_readiness_score,priority_material,generated_note
poltava,Poltavska oblast,Poltava Oblast,2015,Poltava,344.7,3448.7,40.8,3063.2,305.0,161.0,0.0,0.8882187490938614,0.09995070606315423,2121.812675,0.0,0.0,97.5,paper_cardboard,Generated is currently proxied from recovery + incineration + landfill disposal because the official regional file exposes waste-management outcomes.
ternopil,Ternopilska oblast,Ternopil Oblast,2015,Ternopil,28.7,171.39999999999998,2.2,140.5,0.0,0.0,0.0,0.8197199533255544,0.16744457409568264,105.45385,0.0,0.0,65.8,paper_cardboard,Generated is currently proxied from recovery + incineration + landfill disposal because the official regional file exposes waste-management outcomes.
cherkasy,Cherkaska oblast,Cherkasy Oblast,2015,Cherkasy,210.7,934.9000000000001,4.7,719.5,0.0,0.0,0.0,0.7696010268477911,0.2253716975077548,575.1972250000001,0.0,0.0,64.4,paper_cardboard,Generated is currently proxied from recovery + incineration + landfill disposal because the official regional file exposes waste-management outcomes.
zaporizhzhia,Zaporizka oblast,Zaporizhzhia Oblast,2015,Zaporizhzhya,1941.9,4681.1,116.1,2623.1,0.0,0.0,0.0,0.5603597445044968,0.4148383926854799,2880.0467750000007,256.9467750000008,328777.02378687623,59.6,paper_cardboard,Generated is currently proxied from recovery + incineration + landfill disposal because the official regional file exposes waste-management outcomes.
khmelnytskyi,Khmelnytska oblast,Khmelnytskyi Oblast,2015,Khmelnytskiy,295.6,643.3,1.7,346.0,0.0,0.0,0.0,0.5378517021607337,0.45950567386911245,395.790325,49.790324999999996,63709.36108025191,58.5,paper_cardboard,Generated is currently proxied from recovery + incineration + landfill disposal because the official regional file exposes waste-management outcomes.
kherson,Khersonska oblast,Kherson Oblast,2015,Kherson,99.8,188.2,22.4,66.0,0.0,0.0,0.0,0.35069075451647186,0.5302869287991498,115.79005000000001,49.79005000000001,63709.009203169444,56.7,paper_cardboard,Generated is currently proxied from recovery + incineration + landfill disposal because the official regional file exposes waste-management outcomes.
dnipropetrovsk,Dnipropetrovska oblast,Dnipropetrovsk Oblast,2015,Dnipropetrovsk,102670.6,174189.7,23.4,71495.7,2.0,2.0,0.0,0.41044734562376534,0.5894183180750642,107170.21292500001,35674.51292500002,45647431.00795064,55.5,paper_cardboard,Generated is currently proxied from recovery + incineration + landfill disposal because the official regional file exposes waste-management outcomes.
rivne,Rivnenska oblast,Rivne Oblast,2015,Rivne,147.3,322.3,81.0,94.0,0.0,0.0,0.0,0.29165373875271483,0.45702761402420106,198.29507500000003,104.29507500000003,133451.0789408777,51.1,paper_cardboard,Generated is currently proxied from recovery + incineration + landfill disposal because the official regional file exposes waste-management outcomes.
ivano_frankivsk,Ivano-Frankivska oblast,Ivano-Frankivsk Oblast,2015,Ivano-Frankivsk,1126.7,1849.6,147.5,575.4,0.0,0.0,0.0,0.31109429065743943,0.6091587370242215,1137.9664,562.5664,719833.5401349043,49.8,paper_cardboard,Generated is currently proxied from recovery + incineration + landfill disposal because the official regional file exposes waste-management outcomes.
kharkiv,Kharkivska oblast,Kharkiv Oblast,2015,Kharkiv,564.0,903.0999999999999,55.2,283.9,0.0,0.0,0.0,0.31436164322887833,0.6245155575240837,555.632275,271.7322750000001,347695.85507090617,49.8,paper_cardboard,Generated is currently proxied from recovery + incineration + landfill disposal because the official regional file exposes waste-management outcomes.
vinnytsia,Vinnytska oblast,Vinnytsia Oblast,2015,Vinnytsya,870.9,1309.1999999999998,70.1,368.2,0.0,0.0,0.0,0.2812404521845402,0.6652153987167737,805.4852999999999,437.28529999999995,559529.7293758632,44.5,paper_cardboard,Generated is currently proxied from recovery + incineration + landfill disposal because the official regional file exposes waste-management outcomes.
zhytomyr,Zhytomyrska oblast,Zhytomyr Oblast,2015,Zhytomyr,187.4,289.4,22.4,79.6,0.0,0.0,0.0,0.2750518313752592,0.6475466482377333,178.05335,98.45335,125976.28203291343,44.2,paper_cardboard,Generated is currently proxied from recovery + incineration + landfill disposal because the official regional file exposes waste-management outcomes.
kirovohrad,Kirovohradska oblast,Kirovohrad Oblast,2015,Kirovohrad,24433.3,33062.9,38.6,8591.0,0.0,0.0,0.0,0.2598380662313348,0.7389944620707802,20341.949225000004,11750.949225000004,15035962.653612556,39.9,paper_cardboard,Generated is currently proxied from recovery + incineration + landfill disposal because the official regional file exposes waste-management outcomes.
chernihiv,Chernihivska oblast,Chernihiv Oblast,2015,Chernihiv,376.2,520.9,11.2,133.5,0.0,0.0,0.0,0.2562871952390094,0.7222115569207141,320.48372500000005,186.98372500000005,239255.5913655018,39.9,paper_cardboard,Generated is currently proxied from recovery + incineration + landfill disposal because the official regional file exposes waste-management outcomes.
chernivtsi,Chernivetska oblast,Chernivtsi Oblast,2015,Chernivtsi,205.1,295.5,21.3,69.1,0.0,0.0,0.0,0.23384094754653129,0.694077834179357,181.80637500000003,112.70637500000004,144213.78331877288,37.7,paper_cardboard,Generated is currently proxied from recovery + incineration + landfill disposal because the official regional file exposes waste-management outcomes.
donetsk,Donetska oblast,Donetsk Oblast,2015,Donetsk,9238.3,11975.4,21.9,2715.2,0.0,0.0,0.0,0.2267314661723199,0.7714397848923626,7367.864850000001,4652.664850000001,5953331.39347948,34.9,paper_cardboard,Generated is currently proxied from recovery + incineration + landfill disposal because the official regional file exposes waste-management outcomes.
volyn,Volynska oblast,Volyn Oblast,2015,Volyn,466.6,612.2,40.1,105.5,0.0,0.0,0.0,0.1723293041489709,0.7621692257432211,376.65605000000005,271.15605000000005,346958.54462779354,28.1,paper_cardboard,Generated is currently proxied from recovery + incineration + landfill disposal because the official regional file exposes waste-management outcomes.
lviv,Lvivska oblast,Lviv Oblast,2015,Lviv,1995.6,2370.2,48.8,325.8,0.0,0.0,0.0,0.13745675470424437,0.8419542654628301,1458.26555,1132.4655500000001,1449049.7227301907,21.6,paper_cardboard,Generated is currently proxied from recovery + incineration + landfill disposal because the official regional file exposes waste-management outcomes.
luhansk,Luhanska oblast,Luhansk Oblast,2015,Luhansk,2235.9,2524.1,22.5,265.7,0.0,0.0,0.0,0.10526524305693118,0.8858206885622599,1552.9525250000002,1287.252525,1647107.8651663957,16.4,paper_cardboard,Generated is currently proxied from recovery + incineration + landfill disposal because the official regional file exposes waste-management outcomes.
mykolaiv,Mykolaivska oblast,Mykolaiv Oblast,2015,Mykolayiv,1949.6,2051.9,26.0,76.3,0.0,0.0,0.0,0.03718504800428871,0.9501437691895316,1262.4314750000003,1186.1314750000004,1517718.119522755,6.0,paper_cardboard,Generated is currently proxied from recovery + incineration + landfill disposal because the official regional file exposes waste-management outcomes.
odesa,Odeska oblast,Odesa Oblast,2015,Odesa,509.5,538.1,18.4,10.2,0.0,0.0,0.0,0.0189555844638543,0.9468500278758595,331.0660250000001,320.8660250000001,410565.093622308,3.8,paper_cardboard,Generated is currently proxied from recovery + incineration + landfill disposal because the official regional file exposes waste-management outcomes.
zakarpattia,Zakarpatska oblast,Zakarpattia Oblast,2015,Zakarpattya,125.6,132.4,5.9,0.9,0.0,0.0,0.0,0.006797583081570997,0.9486404833836857,81.4591,80.5591,103079.64027549775,2.2,paper_cardboard,Generated is currently proxied from recovery + incineration + landfill disposal because the official regional file exposes waste-management outcomes.
poltava,Poltavska oblast,Poltava Oblast,2016,Poltava,344.5,3994.1,34.4,3615.2,305.0,161.0,0.0,0.9051350742344959,0.08625222202749055,2457.370025,0.0,0.0,97.8,paper_cardboard,Generated is currently proxied from recovery + incineration + landfill disposal because the official regional file exposes waste-management outcomes.
vinnytsia,Vinnytska oblast,Vinnytsia Oblast,2016,Vinnytsya,105.3,502.3,53.6,343.4,0.0,0.0,0.0,0.6836551861437388,0.20963567589090185,309.04007500000006,0.0,0.0,64.8,paper_cardboard,Generated is currently proxied from recovery + incineration + landfill disposal because the official regional file exposes waste-management outcomes.
ternopil,Ternopilska oblast,Ternopil Oblast,2016,Ternopil,28.7,117.5,5.7,83.1,0.0,0.0,0.0,0.7072340425531914,0.24425531914893617,72.291875,0.0,0.0,63.9,paper_cardboard,Generated is currently proxied from recovery + incineration + landfill disposal because the official regional file exposes waste-management outcomes.
cherkasy,Cherkaska oblast,Cherkasy Oblast,2016,Cherkasy,252.7,956.0,5.6,697.7,0.0,0.0,0.0,0.7298117154811716,0.2643305439330544,588.1790000000001,0.0,0.0,63.4,paper_cardboard,Generated is currently proxied from recovery + incineration + landfill disposal because the official regional file exposes waste-management outcomes.
zaporizhzhia,Zaporizka oblast,Zaporizhzhia Oblast,2016,Zaporizhzhya,1790.9,4757.9,79.2,2887.8,0.0,0.0,0.0,0.6069484436411022,0.3764055570734989,2927.297975,39.49797499999977,50539.753480495434,60.6,paper_cardboard,Generated is currently proxied from recovery + incineration + landfill disposal because the official regional file exposes waste-management outcomes.
khmelnytskyi,Khmelnytska oblast,Khmelnytskyi Oblast,2016,Khmelnytskiy,292.7,753.5,10.7,450.1,0.0,0.0,0.0,0.5973457199734572,0.3884538818845388,463.59087500000004,13.490875000000017,17262.289946160116,60.3,paper_cardboard,Generated is currently proxied from recovery + incineration + landfill disposal because the official regional file exposes waste-management outcomes.
ivano_frankivsk,Ivano-Frankivska oblast,Ivano-Frankivsk Oblast,2016,Ivano-Frankivsk,774.7,1570.6,114.1,681.8,0.0,0.0,0.0,0.43410161721635043,0.49325098688399344,966.3116500000001,284.51165000000015,364047.74303819594,57.7,paper_cardboard,Generated is currently proxied from recovery + incineration + landfill disposal because the official regional file exposes waste-management outcomes.
dnipropetrovsk,Dnipropetrovska oblast,Dnipropetrovsk Oblast,2016,Dnipropetrovsk,103161.9,169940.59999999998,33.0,66745.7,2.0,2.0,0.0,0.3927589993209392,0.6070468151813045,104555.95415,37810.25415000001,48380225.157767974,55.0,paper_cardboard,Generated is currently proxied from recovery + incineration + landfill disposal because the official regional file exposes waste-management outcomes.
chernivtsi,Chernivetska oblast,Chernivtsi Oblast,2016,Chernivtsi,209.6,350.7,20.0,121.1,0.0,0.0,0.0,0.34530938123752497,0.5976618192187054,215.768175,94.66817500000002,121132.94990308817,54.5,paper_cardboard,Generated is currently proxied from recovery + incineration + landfill disposal because the official regional file exposes waste-management outcomes.
kharkiv,Kharkivska oblast,Kharkiv Oblast,2016,Kharkiv,859.0,1339.8,58.8,422.0,0.0,0.0,0.0,0.31497238393790117,0.6411404687266756,824.31195,402.31195,514779.4735111742,49.5,paper_cardboard,Generated is currently proxied from recovery + incineration + landfill disposal because the official regional file exposes waste-management outcomes.
zhytomyr,Zhytomyrska oblast,Zhytomyr Oblast,2016,Zhytomyr,140.9,259.6,42.2,76.5,0.0,0.0,0.0,0.29468412942989214,0.5427580893682589,159.71890000000002,83.21890000000002,106482.99541731004,49.3,paper_cardboard,Generated is currently proxied from recovery + incineration + landfill disposal because the official regional file exposes waste-management outcomes.
donetsk,Donetska oblast,Donetsk Oblast,2016,Donetsk,8775.3,12560.5,27.2,3758.0,0.0,0.0,0.0,0.29919191115003385,0.6986425699613869,7727.847625000001,3969.8476250000012,5079630.546189558,46.0,paper_cardboard,Generated is currently proxied from recovery + incineration + landfill disposal because the official regional file exposes waste-management outcomes.
rivne,Rivnenska oblast,Rivne Oblast,2016,Rivne,155.4,294.5,73.9,65.2,0.0,0.0,0.0,0.22139219015280137,0.5276740237691002,181.19112500000003,115.99112500000003,148416.79512494922,40.3,paper_cardboard,Generated is currently proxied from recovery + incineration + landfill disposal because the official regional file exposes waste-management outcomes.
kherson,Khersonska oblast,Kherson Oblast,2016,Kherson,64.7,113.1,24.9,23.5,0.0,0.0,0.0,0.20778072502210435,0.5720601237842617,69.58477500000001,46.08477500000001,58967.91336021942,37.4,paper_cardboard,Generated is currently proxied from recovery + incineration + landfill disposal because the official regional file exposes waste-management outcomes.
lviv,Lvivska oblast,Lviv Oblast,2016,Lviv,1642.5,2183.8,58.6,482.7,0.0,0.0,0.0,0.22103672497481452,0.7521293158714167,1343.5829500000002,860.8829500000002,1101545.3847586347,34.6,paper_cardboard,Generated is currently proxied from recovery + incineration + landfill disposal because the official regional file exposes waste-management outcomes.
luhansk,Luhanska oblast,Luhansk Oblast,2016,Luhansk,2117.5,2713.9,34.2,562.2,0.0,0.0,0.0,0.20715575371236966,0.7802424555068351,1669.7269750000003,1107.5269750000002,1417139.4935942707,32.1,paper_cardboard,Generated is currently proxied from recovery + incineration + landfill disposal because the official regional file exposes waste-management outcomes.
chernihiv,Chernihivska oblast,Chernihiv Oblast,2016,Chernihiv,418.4,538.3,15.6,104.3,0.0,0.0,0.0,0.19375812743823148,0.7772617499535576,331.189075,226.889075,290316.60276046314,30.5,paper_cardboard,Generated is currently proxied from recovery + incineration + landfill disposal because the official regional file exposes waste-management outcomes.
volyn,Volynska oblast,Volyn Oblast,2016,Volyn,496.2,654.4,39.5,118.7,0.0,0.0,0.0,0.1813875305623472,0.7582518337408313,402.61960000000005,283.91960000000006,363290.1836684274,29.4,paper_cardboard,Generated is currently proxied from recovery + incineration + landfill disposal because the official regional file exposes waste-management outcomes.
kirovohrad,Kirovohradska oblast,Kirovohrad Oblast,2016,Kirovohrad,31016.5,34098.0,31.6,3049.9,0.0,0.0,0.0,0.08944512874655405,0.9096281306821514,20978.794500000004,17928.894500000002,22940971.23226737,13.8,paper_cardboard,Generated is currently proxied from recovery + incineration + landfill disposal because the official regional file exposes waste-management outcomes.
mykolaiv,Mykolaivska oblast,Mykolaiv Oblast,2016,Mykolayiv,1819.3,1925.8,25.5,81.0,0.0,0.0,0.0,0.042060442413542426,0.944698307197009,1184.8484500000002,1103.8484500000002,1412432.6257947988,6.8,paper_cardboard,Generated is currently proxied from recovery + incineration + landfill disposal because the official regional file exposes waste-management outcomes.
odesa,Odeska oblast,Odesa Oblast,2016,Odesa,679.5,703.8,14.0,10.3,0.0,0.0,0.0,0.014634839443023588,0.9654731457800512,433.01295000000005,422.71295000000003,540883.6348195854,2.7,paper_cardboard,Generated is currently proxied from recovery + incineration + landfill disposal because the official regional file exposes waste-management outcomes.
zakarpattia,Zakarpatska oblast,Zakarpattia Oblast,2016,Zakarpattya,142.5,149.8,7.0,0.3,0.0,0.0,0.0,0.002002670226969292,0.9512683578104139,92.16445000000002,91.86445000000002,117545.4350918326,1.5,paper_cardboard,Generated is currently proxied from recovery + incineration + landfill disposal because the official regional file exposes waste-management outcomes.
poltava,Poltavska oblast,Poltava Oblast,2017,Poltava,423.9,3246.8,42.4,2780.5,305.0,161.0,0.0,0.8563816681039793,0.13055931994579276,1997.5937000000004,0.0,0.0,96.7,paper_cardboard,Generated is currently proxied from recovery + incineration + landfill disposal because the official regional file exposes waste-management outcomes.
ternopil,Ternopilska oblast,Ternopil Oblast,2017,Ternopil,29.2,131.2,3.3,98.7,0.0,0.0,0.0,0.7522865853658538,0.2225609756097561,80.7208,0.0,0.0,64.4,paper_cardboard,Generated is currently proxied from recovery + incineration + landfill disposal because the official regional file exposes waste-management outcomes.
cherkasy,Cherkaska oblast,Cherkasy Oblast,2017,Cherkasy,267.9,1046.5,11.7,766.9,0.0,0.0,0.0,0.7328236980410894,0.25599617773530814,643.8591250000001,0.0,0.0,63.6,paper_cardboard,Generated is currently proxied from recovery + incineration + landfill disposal because the official regional file exposes waste-management outcomes.
vinnytsia,Vinnytska oblast,Vinnytsia Oblast,2017,Vinnytsya,152.0,562.4,59.9,350.5,0.0,0.0,0.0,0.623221906116643,0.2702702702702703,346.01660000000004,0.0,0.0,63.2,paper_cardboard,Generated is currently proxied from recovery + incineration + landfill disposal because the official regional file exposes waste-management outcomes.
khmelnytskyi,Khmelnytska oblast,Khmelnytskyi Oblast,2017,Khmelnytskiy,228.6,638.0,12.4,397.0,0.0,0.0,0.0,0.622257053291536,0.35830721003134797,392.52950000000004,0.0,0.0,61.0,paper_cardboard,Generated is currently proxied from recovery + incineration + landfill disposal because the official regional file exposes waste-management outcomes.
zaporizhzhia,Zaporizka oblast,Zaporizhzhia Oblast,2017,Zaporizhzhya,1946.6,4709.299999999999,57.2,2705.5,0.0,0.0,0.0,0.5745015182723547,0.41335230289002617,2897.396825,191.8968249999998,245542.16334355922,59.7,paper_cardboard,Generated is currently proxied from recovery + incineration + landfill disposal because the official regional file exposes waste-management outcomes.
ivano_frankivsk,Ivano-Frankivska oblast,Ivano-Frankivsk Oblast,2017,Ivano-Frankivsk,887.0,1653.4,114.8,651.6,0.0,0.0,0.0,0.3940970122172493,0.5364703036167896,1017.2543500000002,365.65435000000014,467874.13046038203,56.6,paper_cardboard,Generated is currently proxied from recovery + incineration + landfill disposal because the official regional file exposes waste-management outcomes.
dnipropetrovsk,Dnipropetrovska oblast,Dnipropetrovsk Oblast,2017,Dnipropetrovsk,106038.9,189877.0,36.0,83802.1,2.0,2.0,0.0,0.4413493998746557,0.5584610037023968,116821.82425000002,33019.724250000014,42250488.12221252,56.2,paper_cardboard,Generated is currently proxied from recovery + incineration + landfill disposal because the official regional file exposes waste-management outcomes.
lviv,Lvivska oblast,Lviv Oblast,2017,Lviv,1085.1,1734.3,46.2,603.0,0.0,0.0,0.0,0.3476907109496627,0.625670299256184,1067.0280750000002,464.0280750000002,593748.5280835028,54.1,paper_cardboard,Generated is currently proxied from recovery + incineration + landfill disposal because the official regional file exposes waste-management outcomes.
chernivtsi,Chernivetska oblast,Chernivtsi Oblast,2017,Chernivtsi,212.2,346.9,22.9,111.8,0.0,0.0,0.0,0.3222830786970309,0.6117036609974056,213.430225,101.63022500000001,130041.2620562779,51.1,paper_cardboard,Generated is currently proxied from recovery + incineration + landfill disposal because the official regional file exposes waste-management outcomes.
chernihiv,Chernihivska oblast,Chernihiv Oblast,2017,Chernihiv,289.1,431.4,11.7,130.6,0.0,0.0,0.0,0.30273528048215115,0.6701437181270283,265.41885,134.81885000000003,172507.86764445348,47.2,paper_cardboard,Generated is currently proxied from recovery + incineration + landfill disposal because the official regional file exposes waste-management outcomes.
zhytomyr,Zhytomyrska oblast,Zhytomyr Oblast,2017,Zhytomyr,169.9,289.8,37.1,82.8,0.0,0.0,0.0,0.2857142857142857,0.5862663906142167,178.29945000000004,95.49945000000004,122196.61034579441,47.1,paper_cardboard,Generated is currently proxied from recovery + incineration + landfill disposal because the official regional file exposes waste-management outcomes.
kherson,Khersonska oblast,Kherson Oblast,2017,Kherson,65.8,122.5,25.6,31.1,0.0,0.0,0.0,0.25387755102040815,0.5371428571428571,75.368125,44.268125000000005,56643.413353311655,44.2,paper_cardboard,Generated is currently proxied from recovery + incineration + landfill disposal because the official regional file exposes waste-management outcomes.
donetsk,Donetska oblast,Donetsk Oblast,2017,Donetsk,15590.7,20990.2,4.0,5395.5,0.0,0.0,0.0,0.2570485274080285,0.7427609074711056,12914.220550000002,7518.720550000002,9620601.640609102,39.5,paper_cardboard,Generated is currently proxied from recovery + incineration + landfill disposal because the official regional file exposes waste-management outcomes.
volyn,Volynska oblast,Volyn Oblast,2017,Volyn,498.4,630.7,20.1,112.2,0.0,0.0,0.0,0.1778975741239892,0.7902330743618201,388.0381750000001,275.8381750000001,352949.5718453881,28.1,paper_cardboard,Generated is currently proxied from recovery + incineration + landfill disposal because the official regional file exposes waste-management outcomes.
luhansk,Luhanska oblast,Luhansk Oblast,2017,Luhansk,557.5,680.8,33.0,90.3,0.0,0.0,0.0,0.13263807285546417,0.8188895417156288,418.86220000000003,328.5622,420412.757641609,21.6,paper_cardboard,Generated is currently proxied from recovery + incineration + landfill disposal because the official regional file exposes waste-management outcomes.
kharkiv,Kharkivska oblast,Kharkiv Oblast,2017,Kharkiv,769.2,960.6,69.9,121.5,0.0,0.0,0.0,0.12648344784509682,0.8007495315427858,591.0091500000001,469.5091500000001,600761.8541921983,21.2,paper_cardboard,Generated is currently proxied from recovery + incineration + landfill disposal because the official regional file exposes waste-management outcomes.
rivne,Rivnenska oblast,Rivne Oblast,2017,Rivne,177.9,286.20000000000005,84.7,23.6,0.0,0.0,0.0,0.0824598183088749,0.6215932914046121,176.08455000000004,152.48455000000004,195112.06755749698,20.1,paper_cardboard,Generated is currently proxied from recovery + incineration + landfill disposal because the official regional file exposes waste-management outcomes.
kirovohrad,Kirovohradska oblast,Kirovohrad Oblast,2017,Kirovohrad,35842.7,37342.2,28.1,1471.4,0.0,0.0,0.0,0.03940314175383347,0.959844358393453,22974.78855,21503.38855,27514725.914741565,6.1,paper_cardboard,Generated is currently proxied from recovery + incineration + landfill disposal because the official regional file exposes waste-management outcomes.
mykolaiv,Mykolaivska oblast,Mykolaiv Oblast,2017,Mykolayiv,1982.1,2078.9,35.5,61.3,0.0,0.0,0.0,0.029486747799316943,0.9534369137524652,1279.0432250000001,1217.7432250000002,1558167.0299311252,5.0,paper_cardboard,Generated is currently proxied from recovery + incineration + landfill disposal because the official regional file exposes waste-management outcomes.
odesa,Odeska oblast,Odesa Oblast,2017,Odesa,561.3,600.0,28.2,10.5,0.0,0.0,0.0,0.0175,0.9354999999999999,369.15000000000003,358.65000000000003,458911.69321414054,3.9,paper_cardboard,Generated is currently proxied from recovery + incineration + landfill disposal because the official regional file exposes waste-management outcomes.
zakarpattia,Zakarpatska oblast,Zakarpattia Oblast,2017,Zakarpattya,163.9,170.4,6.3,0.2,0.0,0.0,0.0,0.0011737089201877935,0.9618544600938967,104.83860000000001,104.63860000000001,133890.63739455503,1.1,paper_cardboard,Generated is currently proxied from recovery + incineration + landfill disposal because the official regional file exposes waste-management outcomes.
poltava,Poltavska oblast,Poltava Oblast,2018,Poltava,1325.9,4143.1,45.5,2771.7,305.0,161.0,0.0,0.66899181772103,0.32002606743742606,2549.0422750000007,0.0,0.0,92.0,paper_cardboard,Generated is currently proxied from recovery + incineration + landfill disposal because the official regional file exposes waste-management outcomes.
ternopil,Ternopilska oblast,Ternopil Oblast,2018,Ternopil,29.4,274.5,4.4,240.7,0.0,0.0,0.0,0.8768670309653915,0.10710382513661201,168.88612500000002,0.0,0.0,67.3,paper_cardboard,Generated is currently proxied from recovery + incineration + landfill disposal because the official regional file exposes waste-management outcomes.
cherkasy,Cherkaska oblast,Cherkasy Oblast,2018,Cherkasy,281.8,1085.8,16.7,787.3,0.0,0.0,0.0,0.7250874930926505,0.2595321421993001,668.03845,0.0,0.0,63.5,paper_cardboard,Generated is currently proxied from recovery + incineration + landfill disposal because the official regional file exposes waste-management outcomes.
zaporizhzhia,Zaporizka oblast,Zaporizhzhia Oblast,2018,Zaporizhzhya,1568.1,4946.3,52.4,3325.8,0.0,0.0,0.0,0.6723813759780037,0.3170248468552251,3043.2110750000006,0.0,0.0,62.1,paper_cardboard,Generated is currently proxied from recovery + incineration + landfill disposal because the official regional file exposes waste-management outcomes.
khmelnytskyi,Khmelnytska oblast,Khmelnytskyi Oblast,2018,Khmelnytskiy,264.5,775.5,10.1,500.9,0.0,0.0,0.0,0.6459058671824629,0.34107027724049,477.12637500000005,0.0,0.0,61.5,paper_cardboard,Generated is currently proxied from recovery + incineration + landfill disposal because the official regional file exposes waste-management outcomes.
dnipropetrovsk,Dnipropetrovska oblast,Dnipropetrovsk Oblast,2018,Dnipropetrovsk,104550.5,189632.90000000002,26.1,85056.3,2.0,2.0,0.0,0.44853134661759636,0.5513310190373083,116671.64172500002,31615.34172500002,40453506.2109673,56.4,paper_cardboard,Generated is currently proxied from recovery + incineration + landfill disposal because the official regional file exposes waste-management outcomes.
ivano_frankivsk,Ivano-Frankivska oblast,Ivano-Frankivsk Oblast,2018,Ivano-Frankivsk,1005.5,1680.8,122.3,553.0,0.0,0.0,0.0,0.32900999524036173,0.5982270347453593,1034.1122,481.11220000000003,615608.5719447378,52.3,paper_cardboard,Generated is currently proxied from recovery + incineration + landfill disposal because the official regional file exposes waste-management outcomes.
vinnytsia,Vinnytska oblast,Vinnytsia Oblast,2018,Vinnytsya,913.6,1453.7,58.4,481.7,0.0,0.0,0.0,0.33136135378688863,0.628465295452982,894.3889250000001,412.6889250000001,528057.3632858595,51.9,paper_cardboard,Generated is currently proxied from recovery + incineration + landfill disposal because the official regional file exposes waste-management outcomes.
volyn,Volynska oblast,Volyn Oblast,2018,Volyn,234.3,374.1,21.2,118.6,0.0,0.0,0.0,0.31702753274525525,0.6263031275060145,230.16502500000004,111.56502500000005,142753.36547114997,50.1,paper_cardboard,Generated is currently proxied from recovery + incineration + landfill disposal because the official regional file exposes waste-management outcomes.
donetsk,Donetska oblast,Donetsk Oblast,2018,Donetsk,15043.5,21718.8,3.9,6671.4,0.0,0.0,0.0,0.307171666942925,0.6926487651251451,13362.4917,6691.091700000001,8561606.6401731,47.2,paper_cardboard,Generated is currently proxied from recovery + incineration + landfill disposal because the official regional file exposes waste-management outcomes.
kherson,Khersonska oblast,Kherson Oblast,2018,Kherson,68.9,126.2,23.9,33.4,0.0,0.0,0.0,0.2646592709984152,0.5459587955625991,77.64455000000001,44.24455000000001,56613.24789069484,45.4,paper_cardboard,Generated is currently proxied from recovery + incineration + landfill disposal because the official regional file exposes waste-management outcomes.
chernivtsi,Chernivetska oblast,Chernivtsi Oblast,2018,Chernivtsi,216.3,315.7,8.3,91.1,0.0,0.0,0.0,0.28856509344314224,0.6851441241685144,194.23442500000002,103.13442500000002,131965.96571982934,45.0,paper_cardboard,Generated is currently proxied from recovery + incineration + landfill disposal because the official regional file exposes waste-management outcomes.
chernihiv,Chernihivska oblast,Chernihiv Oblast,2018,Chernihiv,291.4,415.2,14.0,109.8,0.0,0.0,0.0,0.26445086705202314,0.7018304431599229,255.45180000000002,145.65180000000004,186369.20161072735,41.5,paper_cardboard,Generated is currently proxied from recovery + incineration + landfill disposal because the official regional file exposes waste-management outcomes.
kharkiv,Kharkivska oblast,Kharkiv Oblast,2018,Kharkiv,861.8,1216.0,69.2,285.0,0.0,0.0,0.0,0.234375,0.7087171052631579,748.1440000000001,463.1440000000001,592617.307240959,37.4,paper_cardboard,Generated is currently proxied from recovery + incineration + landfill disposal because the official regional file exposes waste-management outcomes.
lviv,Lvivska oblast,Lviv Oblast,2018,Lviv,1188.9,1589.4,46.0,354.5,0.0,0.0,0.0,0.22304014093368565,0.7480181200453001,977.8783500000002,623.3783500000002,797645.6548488421,35.0,paper_cardboard,Generated is currently proxied from recovery + incineration + landfill disposal because the official regional file exposes waste-management outcomes.
zhytomyr,Zhytomyrska oblast,Zhytomyr Oblast,2018,Zhytomyr,199.5,292.5,44.1,48.9,0.0,0.0,0.0,0.16717948717948716,0.6820512820512821,179.96062500000002,131.06062500000002,167699.0194687119,29.4,paper_cardboard,Generated is currently proxied from recovery + incineration + landfill disposal because the official regional file exposes waste-management outcomes.
rivne,Rivnenska oblast,Rivne Oblast,2018,Rivne,206.2,291.0,61.6,23.2,0.0,0.0,0.0,0.07972508591065292,0.7085910652920961,179.03775000000002,155.83775000000003,199402.66476838684,17.5,paper_cardboard,Generated is currently proxied from recovery + incineration + landfill disposal because the official regional file exposes waste-management outcomes.
luhansk,Luhanska oblast,Luhansk Oblast,2018,Luhansk,479.4,555.0,30.1,45.5,0.0,0.0,0.0,0.08198198198198198,0.8637837837837837,341.46375000000006,295.96375000000006,378701.3122612759,13.9,paper_cardboard,Generated is currently proxied from recovery + incineration + landfill disposal because the official regional file exposes waste-management outcomes.
kirovohrad,Kirovohradska oblast,Kirovohrad Oblast,2018,Kirovohrad,35743.6,37624.7,26.5,1854.6,0.0,0.0,0.0,0.0492920873787698,0.9500035880684763,23148.596675,21293.996675000002,27246797.907209057,7.6,paper_cardboard,Generated is currently proxied from recovery + incineration + landfill disposal because the official regional file exposes waste-management outcomes.
mykolaiv,Mykolaivska oblast,Mykolaiv Oblast,2018,Mykolayiv,2005.2,2095.0,28.6,61.2,0.0,0.0,0.0,0.029212410501193317,0.9571360381861576,1288.9487500000002,1227.7487500000002,1570969.629733848,4.8,paper_cardboard,Generated is currently proxied from recovery + incineration + landfill disposal because the official regional file exposes waste-management outcomes.
odesa,Odeska oblast,Odesa Oblast,2018,Odesa,524.7,588.5,54.6,9.2,0.0,0.0,0.0,0.015632965165675444,0.891588785046729,362.074625,352.87462500000004,451521.7946495327,4.7,paper_cardboard,Generated is currently proxied from recovery + incineration + landfill disposal because the official regional file exposes waste-management outcomes.
zakarpattia,Zakarpatska oblast,Zakarpattia Oblast,2018,Zakarpattya,179.8,186.20000000000002,6.0,0.4,0.0,0.0,0.0,0.0021482277121374865,0.9656283566058002,114.55955000000003,114.15955000000002,146073.1977891101,1.1,paper_cardboard,Generated is currently proxied from recovery + incineration + landfill disposal because the official regional file exposes waste-management outcomes.
ternopil,Ternopilska oblast,Ternopil Oblast,2019,Ternopil,29.3,309.4,2.4,277.7,0.0,0.0,0.0,0.8975436328377505,0.09469941822883,190.35835,0.0,0.0,67.6,paper_cardboard,Generated is currently proxied from recovery + incineration + landfill disposal because the official regional file exposes waste-management outcomes.
cherkasy,Cherkaska oblast,Cherkasy Oblast,2019,Cherkasy,234.2,946.7,15.0,697.5,0.0,0.0,0.0,0.7367698320481673,0.24738565543466776,582.4571750000001,0.0,0.0,63.8,paper_cardboard,Generated is currently proxied from recovery + incineration + landfill disposal because the official regional file exposes waste-management outcomes.
zaporizhzhia,Zaporizka oblast,Zaporizhzhia Oblast,2019,Zaporizhzhya,1299.6,5136.4,48.4,3788.4,0.0,0.0,0.0,0.7375593801105833,0.25301767775095396,3160.1701000000003,0.0,0.0,63.7,paper_cardboard,Generated is currently proxied from recovery + incineration + landfill disposal because the official regional file exposes waste-management outcomes.
khmelnytskyi,Khmelnytska oblast,Khmelnytskyi Oblast,2019,Khmelnytskiy,240.4,648.0,6.8,400.8,0.0,0.0,0.0,0.6185185185185186,0.3709876543209877,398.6820000000001,0.0,0.0,60.7,paper_cardboard,Generated is currently proxied from recovery + incineration + landfill disposal because the official regional file exposes waste-management outcomes.
dnipropetrovsk,Dnipropetrovska oblast,Dnipropetrovsk Oblast,2019,Dnipropetrovsk,107315.8,197816.6,26.3,90474.5,2.0,2.0,0.0,0.4573655598165169,0.5425014887527134,121706.66315000002,31232.163150000022,39963208.90535841,56.6,paper_cardboard,Generated is currently proxied from recovery + incineration + landfill disposal because the official regional file exposes waste-management outcomes.
chernivtsi,Chernivetska oblast,Chernivtsi Oblast,2019,Chernivtsi,219.3,346.8,10.4,117.1,0.0,0.0,0.0,0.33765859284890426,0.6323529411764706,213.36870000000005,96.26870000000005,123180.90651198704,52.6,paper_cardboard,Generated is currently proxied from recovery + incineration + landfill disposal because the official regional file exposes waste-management outcomes.
ivano_frankivsk,Ivano-Frankivska oblast,Ivano-Frankivsk Oblast,2019,Ivano-Frankivsk,1759.6,2760.7,130.9,870.2,0.0,0.0,0.0,0.3152099105299381,0.6373745789111457,1698.520675,828.3206749999999,1059880.227209061,49.6,paper_cardboard,Generated is currently proxied from recovery + incineration + landfill disposal because the official regional file exposes waste-management outcomes.
vinnytsia,Vinnytska oblast,Vinnytsia Oblast,2019,Vinnytsya,496.1,763.5,58.5,208.9,0.0,0.0,0.0,0.2736083824492469,0.6497707924034054,469.74337500000007,260.84337500000004,333762.930112759,43.9,paper_cardboard,Generated is currently proxied from recovery + incineration + landfill disposal because the official regional file exposes waste-management outcomes.
kherson,Khersonska oblast,Kherson Oblast,2019,Kherson,63.6,117.30000000000001,25.5,28.2,0.0,0.0,0.0,0.2404092071611253,0.5421994884910486,72.16882500000001,43.96882500000001,56260.44313226331,42.4,paper_cardboard,Generated is currently proxied from recovery + incineration + landfill disposal because the official regional file exposes waste-management outcomes.
poltava,Poltavska oblast,Poltava Oblast,2019,Poltava,64273.1,67378.7,40.9,3064.7,305.0,161.0,0.0,0.04548470065465793,0.9539082825878208,41454.745175000004,38390.04517500001,49122098.51896444,37.0,paper_cardboard,Generated is currently proxied from recovery + incineration + landfill disposal because the official regional file exposes waste-management outcomes.
donetsk,Donetska oblast,Donetsk Oblast,2019,Donetsk,18888.5,24298.9,3.2,5407.2,0.0,0.0,0.0,0.22252859182925974,0.7773397149665211,14949.898225000003,9542.698225000004,12210388.401690574,34.2,paper_cardboard,Generated is currently proxied from recovery + incineration + landfill disposal because the official regional file exposes waste-management outcomes.
lviv,Lvivska oblast,Lviv Oblast,2019,Lviv,1200.5,1568.2,40.0,327.7,0.0,0.0,0.0,0.20896569315138375,0.7655273562045657,964.8350500000001,637.1350500000001,815248.0819784639,32.7,paper_cardboard,Generated is currently proxied from recovery + incineration + landfill disposal because the official regional file exposes waste-management outcomes.
zhytomyr,Zhytomyrska oblast,Zhytomyr Oblast,2019,Zhytomyr,205.4,315.9,57.2,53.3,0.0,0.0,0.0,0.16872427983539096,0.6502057613168725,194.35747500000002,141.057475,180490.51914892317,30.4,paper_cardboard,Generated is currently proxied from recovery + incineration + landfill disposal because the official regional file exposes waste-management outcomes.
chernihiv,Chernihivska oblast,Chernihiv Oblast,2019,Chernihiv,290.0,373.7,14.6,69.1,0.0,0.0,0.0,0.1849076799571849,0.776023548300776,229.91892500000003,160.81892500000004,205776.34231877286,29.4,paper_cardboard,Generated is currently proxied from recovery + incineration + landfill disposal because the official regional file exposes waste-management outcomes.
kharkiv,Kharkivska oblast,Kharkiv Oblast,2019,Kharkiv,957.7,1231.3000000000002,79.4,194.2,0.0,0.0,0.0,0.15771948347275233,0.7777958255502314,757.5573250000002,563.3573250000002,720845.5706129622,25.8,paper_cardboard,Generated is currently proxied from recovery + incineration + landfill disposal because the official regional file exposes waste-management outcomes.
rivne,Rivnenska oblast,Rivne Oblast,2019,Rivne,224.4,318.4,54.7,39.3,0.0,0.0,0.0,0.12342964824120603,0.7047738693467337,195.8956,156.5956,200372.374030069,23.3,paper_cardboard,Generated is currently proxied from recovery + incineration + landfill disposal because the official regional file exposes waste-management outcomes.
volyn,Volynska oblast,Volyn Oblast,2019,Volyn,300.2,353.2,17.1,35.9,0.0,0.0,0.0,0.10164212910532276,0.8499433748584372,217.30630000000002,181.40630000000002,232118.98032263306,16.8,paper_cardboard,Generated is currently proxied from recovery + incineration + landfill disposal because the official regional file exposes waste-management outcomes.
luhansk,Luhanska oblast,Luhansk Oblast,2019,Luhansk,378.8,452.5,31.6,42.1,0.0,0.0,0.0,0.09303867403314918,0.8371270718232044,278.40062500000005,236.30062500000005,302359.1800538399,16.0,paper_cardboard,Generated is currently proxied from recovery + incineration + landfill disposal because the official regional file exposes waste-management outcomes.
kirovohrad,Kirovohradska oblast,Kirovohrad Oblast,2019,Kirovohrad,35328.9,37085.4,60.3,1696.2,0.0,0.0,0.0,0.04573767574301477,0.95263634745749,22816.792350000003,21120.592350000003,27024917.87822145,7.1,paper_cardboard,Generated is currently proxied from recovery + incineration + landfill disposal because the official regional file exposes waste-management outcomes.
mykolaiv,Mykolaivska oblast,Mykolaiv Oblast,2019,Mykolayiv,1932.4,2032.3000000000002,38.7,61.2,0.0,0.0,0.0,0.03011366432121242,0.950843871475668,1250.3725750000003,1189.1725750000003,1521609.368233848,5.1,paper_cardboard,Generated is currently proxied from recovery + incineration + landfill disposal because the official regional file exposes waste-management outcomes.
odesa,Odeska oblast,Odesa Oblast,2019,Odesa,534.5,586.3,49.5,2.3,0.0,0.0,0.0,0.003922906361930752,0.9116493262834727,360.72107500000004,358.42107500000003,458618.7715373831,2.7,paper_cardboard,Generated is currently proxied from recovery + incineration + landfill disposal because the official regional file exposes waste-management outcomes.
zakarpattia,Zakarpatska oblast,Zakarpattia Oblast,2019,Zakarpattya,171.8,176.10000000000002,4.1,0.2,0.0,0.0,0.0,0.001135718341851221,0.9755820556501987,108.34552500000002,108.14552500000002,138377.93389455506,0.8,paper_cardboard,Generated is currently proxied from recovery + incineration + landfill disposal because the official regional file exposes waste-management outcomes.
cherkasy,Cherkaska oblast,Cherkasy Oblast,2020,Cherkasy,215.3,860.7,11.8,633.6,0.0,0.0,0.0,0.7361449982572325,0.25014523062623445,529.5456750000001,0.0,0.0,63.7,paper_cardboard,Generated is currently proxied from recovery + incineration + landfill disposal because the official regional file exposes waste-management outcomes.
zaporizhzhia,Zaporizka oblast,Zaporizhzhia Oblast,2020,Zaporizhzhya,1430.2,4966.5,50.6,3485.7,0.0,0.0,0.0,0.7018423437028087,0.28796939494613916,3055.639125,0.0,0.0,62.8,paper_cardboard,Generated is currently proxied from recovery + incineration + landfill disposal because the official regional file exposes waste-management outcomes.
ternopil,Ternopilska oblast,Ternopil Oblast,2020,Ternopil,36.2,105.7,2.1,67.4,0.0,0.0,0.0,0.6376537369914854,0.34247871333964053,65.03192500000002,0.0,0.0,61.4,paper_cardboard,Generated is currently proxied from recovery + incineration + landfill disposal because the official regional file exposes waste-management outcomes.
khmelnytskyi,Khmelnytska oblast,Khmelnytskyi Oblast,2020,Khmelnytskiy,232.7,646.4000000000001,4.6,409.1,0.0,0.0,0.0,0.6328898514851484,0.35999381188118806,397.6976000000001,0.0,0.0,61.0,paper_cardboard,Generated is currently proxied from recovery + incineration + landfill disposal because the official regional file exposes waste-management outcomes.
vinnytsia,Vinnytska oblast,Vinnytsia Oblast,2020,Vinnytsya,208.1,397.6,46.4,143.1,0.0,0.0,0.0,0.3599094567404426,0.5233903420523138,244.62340000000003,101.52340000000004,129904.57380414467,56.9,paper_cardboard,Generated is currently proxied from recovery + incineration + landfill disposal because the official regional file exposes waste-management outcomes.
dnipropetrovsk,Dnipropetrovska oblast,Dnipropetrovsk Oblast,2020,Dnipropetrovsk,177443.9,264604.19999999995,27.4,87132.9,2.0,2.0,0.0,0.32929522660638044,0.6706012225051606,162797.73405,75664.83405,96817167.46313246,50.8,paper_cardboard,Generated is currently proxied from recovery + incineration + landfill disposal because the official regional file exposes waste-management outcomes.
kherson,Khersonska oblast,Kherson Oblast,2020,Kherson,49.1,73.7,0.6,24.0,0.0,0.0,0.0,0.3256445047489823,0.666214382632293,45.343925000000006,21.343925000000006,27310.683846607073,50.2,paper_cardboard,Generated is currently proxied from recovery + incineration + landfill disposal because the official regional file exposes waste-management outcomes.
ivano_frankivsk,Ivano-Frankivska oblast,Ivano-Frankivsk Oblast,2020,Ivano-Frankivsk,1164.2,1739.5,50.0,525.3,0.0,0.0,0.0,0.30198332854268467,0.6692727795343489,1070.2273750000002,544.9273750000002,697263.4722988624,47.1,paper_cardboard,Generated is currently proxied from recovery + incineration + landfill disposal because the official regional file exposes waste-management outcomes.
chernivtsi,Chernivetska oblast,Chernivtsi Oblast,2020,Chernivtsi,191.2,283.9,10.1,82.6,0.0,0.0,0.0,0.2909475167312434,0.6734765762592462,174.669475,92.06947500000001,117807.77545123931,45.6,paper_cardboard,Generated is currently proxied from recovery + incineration + landfill disposal because the official regional file exposes waste-management outcomes.
kirovohrad,Kirovohradska oblast,Kirovohrad Oblast,2020,Kirovohrad,179.2,310.6,52.9,78.5,0.0,0.0,0.0,0.2527366387636832,0.5769478428847391,191.09665000000004,112.59665000000004,144073.38436286064,43.1,paper_cardboard,Generated is currently proxied from recovery + incineration + landfill disposal because the official regional file exposes waste-management outcomes.
poltava,Poltavska oblast,Poltava Oblast,2020,Poltava,64409.1,66521.9,57.3,2055.5,305.0,161.0,0.0,0.030899598478095185,0.968239031055938,40927.598975,38872.098975,49738911.918039605,34.8,paper_cardboard,Generated is currently proxied from recovery + incineration + landfill disposal because the official regional file exposes waste-management outcomes.
chernihiv,Chernihivska oblast,Chernihiv Oblast,2020,Chernihiv,259.6,349.20000000000005,16.5,73.1,0.0,0.0,0.0,0.20933562428407784,0.7434135166093929,214.84530000000007,141.74530000000007,181370.6277098741,33.3,paper_cardboard,Generated is currently proxied from recovery + incineration + landfill disposal because the official regional file exposes waste-management outcomes.
kharkiv,Kharkivska oblast,Kharkiv Oblast,2020,Kharkiv,942.2,1271.3000000000002,82.0,247.1,0.0,0.0,0.0,0.1943679697946983,0.7411311256194446,782.1673250000002,535.0673250000002,684647.0154727753,31.5,paper_cardboard,Generated is currently proxied from recovery + incineration + landfill disposal because the official regional file exposes waste-management outcomes.
donetsk,Donetska oblast,Donetsk Oblast,2020,Donetsk,19059.1,23725.1,2.1,4663.9,0.0,0.0,0.0,0.196580836329457,0.8033306498181251,14596.867775,9932.967775000001,12709758.985826693,30.2,paper_cardboard,Generated is currently proxied from recovery + incineration + landfill disposal because the official regional file exposes waste-management outcomes.
lviv,Lvivska oblast,Lviv Oblast,2020,Lviv,1945.3,2465.1,116.6,403.2,0.0,0.0,0.0,0.16356334428623587,0.7891363433532108,1516.652775,1113.452775,1424721.8689229984,26.3,paper_cardboard,Generated is currently proxied from recovery + incineration + landfill disposal because the official regional file exposes waste-management outcomes.
luhansk,Luhanska oblast,Luhansk Oblast,2020,Luhansk,212.9,275.3,22.8,39.6,0.0,0.0,0.0,0.14384308027606246,0.7733381765346894,169.37832500000002,129.77832500000002,166058.24862190167,24.2,paper_cardboard,Generated is currently proxied from recovery + incineration + landfill disposal because the official regional file exposes waste-management outcomes.
zhytomyr,Zhytomyrska oblast,Zhytomyr Oblast,2020,Zhytomyr,224.3,287.8,30.1,33.4,0.0,0.0,0.0,0.11605281445448228,0.7793606671299513,177.06895000000003,143.66895000000002,183832.0398906948,20.4,paper_cardboard,Generated is currently proxied from recovery + incineration + landfill disposal because the official regional file exposes waste-management outcomes.
volyn,Volynska oblast,Volyn Oblast,2020,Volyn,242.3,292.1,14.7,35.1,0.0,0.0,0.0,0.1201643272851763,0.8295104416295789,179.71452500000004,144.61452500000004,185041.95324441287,19.7,paper_cardboard,Generated is currently proxied from recovery + incineration + landfill disposal because the official regional file exposes waste-management outcomes.
rivne,Rivnenska oblast,Rivne Oblast,2020,Rivne,216.1,274.8,43.7,15.0,0.0,0.0,0.0,0.05458515283842794,0.7863901018922852,169.07070000000002,154.07070000000002,197141.6305916294,12.4,paper_cardboard,Generated is currently proxied from recovery + incineration + landfill disposal because the official regional file exposes waste-management outcomes.
mykolaiv,Mykolaivska oblast,Mykolaiv Oblast,2020,Mykolayiv,2092.7,2229.2999999999997,48.3,88.3,0.0,0.0,0.0,0.039608845826044056,0.9387251603642399,1371.576825,1283.2768250000001,1642020.7461960583,6.6,paper_cardboard,Generated is currently proxied from recovery + incineration + landfill disposal because the official regional file exposes waste-management outcomes.
odesa,Odeska oblast,Odesa Oblast,2020,Odesa,591.1,641.7,48.9,1.7,0.0,0.0,0.0,0.0026492130278946546,0.9211469534050178,394.80592500000006,393.10592500000007,502999.87635371793,2.3,paper_cardboard,Generated is currently proxied from recovery + incineration + landfill disposal because the official regional file exposes waste-management outcomes.
zakarpattia,Zakarpatska oblast,Zakarpattia Oblast,2020,Zakarpattya,161.0,164.5,3.2,0.3,0.0,0.0,0.0,0.00182370820668693,0.9787234042553191,101.20862500000001,100.90862500000001,129117.93659183258,0.8,paper_cardboard,Generated is currently proxied from recovery + incineration + landfill disposal because the official regional file exposes waste-management outcomes.
cherkasy,Cherkaska oblast,Cherkasy Oblast,2021,Cherkasy,256.4,1102.1999999999998,9.9,835.9,0.0,0.0,0.0,0.758392306296498,0.2326256577753584,678.12855,0.0,0.0,64.2,paper_cardboard,Generated is currently proxied from recovery + incineration + landfill disposal because the official regional file exposes waste-management outcomes.
ivano_frankivsk,Ivano-Frankivska oblast,Ivano-Frankivsk Oblast,2021,Ivano-Frankivsk,253.2,801.5,49.3,499.0,0.0,0.0,0.0,0.6225826575171554,0.3159076731129133,493.1228750000001,0.0,0.0,62.1,paper_cardboard,Generated is currently proxied from recovery + incineration + landfill disposal because the official regional file exposes waste-management outcomes.
zaporizhzhia,Zaporizka oblast,Zaporizhzhia Oblast,2021,Zaporizhzhya,1666.2,4889.400000000001,51.4,3171.8,0.0,0.0,0.0,0.6487094531026302,0.34077800957172655,3008.2033500000007,0.0,0.0,61.5,paper_cardboard,Generated is currently proxied from recovery + incineration + landfill disposal because the official regional file exposes waste-management outcomes.
khmelnytskyi,Khmelnytska oblast,Khmelnytskyi Oblast,2021,Khmelnytskiy,216.2,585.0999999999999,7.2,361.7,0.0,0.0,0.0,0.6181849256537345,0.3695094855580243,359.982775,0.0,0.0,60.8,paper_cardboard,Generated is currently proxied from recovery + incineration + landfill disposal because the official regional file exposes waste-management outcomes.
ternopil,Ternopilska oblast,Ternopil Oblast,2021,Ternopil,52.1,130.3,1.9,76.3,0.0,0.0,0.0,0.585571757482732,0.3998465080583269,80.16707500000001,3.867075000000014,4948.127522754994,60.0,paper_cardboard,Generated is currently proxied from recovery + incineration + landfill disposal because the official regional file exposes waste-management outcomes.
dnipropetrovsk,Dnipropetrovska oblast,Dnipropetrovsk Oblast,2021,Dnipropetrovsk,180449.2,275663.30000000005,31.8,95182.3,2.0,2.0,0.0,0.34528462802266385,0.6546000138574848,169601.84532500006,74419.54532500006,95223754.50528999,53.2,paper_cardboard,Generated is currently proxied from recovery + incineration + landfill disposal because the official regional file exposes waste-management outcomes.
kirovohrad,Kirovohradska oblast,Kirovohrad Oblast,2021,Kirovohrad,152.8,282.70000000000005,46.5,83.4,0.0,0.0,0.0,0.29501238061549345,0.540502299257163,173.93117500000005,90.53117500000005,115839.4390294596,49.4,paper_cardboard,Generated is currently proxied from recovery + incineration + landfill disposal because the official regional file exposes waste-management outcomes.
vinnytsia,Vinnytska oblast,Vinnytsia Oblast,2021,Vinnytsya,213.1,485.6,160.5,112.0,0.0,0.0,0.0,0.23064250411861614,0.43883855024711693,298.76540000000006,186.76540000000006,238976.23295083301,43.7,paper_cardboard,Generated is currently proxied from recovery + incineration + landfill disposal because the official regional file exposes waste-management outcomes.
poltava,Poltavska oblast,Poltava Oblast,2021,Poltava,71870.4,73883.2,68.4,1944.4,305.0,161.0,0.0,0.026317214197544233,0.9727570002382138,45456.6388,43512.2388,55676216.877864264,34.1,paper_cardboard,Generated is currently proxied from recovery + incineration + landfill disposal because the official regional file exposes waste-management outcomes.
chernihiv,Chernihivska oblast,Chernihiv Oblast,2021,Chernihiv,265.3,339.8,14.1,60.4,0.0,0.0,0.0,0.177751618599176,0.7807533843437316,209.06195000000002,148.66195000000002,190220.84815562775,28.3,paper_cardboard,Generated is currently proxied from recovery + incineration + landfill disposal because the official regional file exposes waste-management outcomes.
donetsk,Donetska oblast,Donetsk Oblast,2021,Donetsk,19195.5,23523.2,1.8,4325.9,0.0,0.0,0.0,0.18389929941504554,0.8160241803836212,14472.648800000003,10146.748800000003,12983303.143528648,28.2,paper_cardboard,Generated is currently proxied from recovery + incineration + landfill disposal because the official regional file exposes waste-management outcomes.
volyn,Volynska oblast,Volyn Oblast,2021,Volyn,216.1,273.2,20.7,36.4,0.0,0.0,0.0,0.13323572474377746,0.79099560761347,168.08630000000002,131.68630000000002,168499.60380902071,22.4,paper_cardboard,Generated is currently proxied from recovery + incineration + landfill disposal because the official regional file exposes waste-management outcomes.
lviv,Lvivska oblast,Lviv Oblast,2021,Lviv,2005.5,2432.8,118.7,308.6,0.0,0.0,0.0,0.126849720486682,0.8243587635646168,1496.7802000000004,1188.1802000000002,1520339.571798456,20.7,paper_cardboard,Generated is currently proxied from recovery + incineration + landfill disposal because the official regional file exposes waste-management outcomes.
zhytomyr,Zhytomyrska oblast,Zhytomyr Oblast,2021,Zhytomyr,206.4,267.8,30.7,30.7,0.0,0.0,0.0,0.11463778939507094,0.7707244212098581,164.76395000000002,134.06395000000003,171541.93306420156,20.5,paper_cardboard,Generated is currently proxied from recovery + incineration + landfill disposal because the official regional file exposes waste-management outcomes.
luhansk,Luhanska oblast,Luhansk Oblast,2021,Luhansk,245.4,298.4,15.7,37.3,0.0,0.0,0.0,0.125,0.8223860589812333,183.5906,146.29059999999998,187186.5800845184,20.5,paper_cardboard,Generated is currently proxied from recovery + incineration + landfill disposal because the official regional file exposes waste-management outcomes.
rivne,Rivnenska oblast,Rivne Oblast,2021,Rivne,194.5,235.1,34.4,6.2,0.0,0.0,0.0,0.026371756699276903,0.8273075287111867,144.64527500000003,138.44527500000004,177148.07073120683,7.7,paper_cardboard,Generated is currently proxied from recovery + incineration + landfill disposal because the official regional file exposes waste-management outcomes.
kharkiv,Kharkivska oblast,Kharkiv Oblast,2021,Kharkiv,894.0,965.3,28.3,43.0,0.0,0.0,0.0,0.04454573707655651,0.9261369522428261,593.900825,550.900825,704906.8183293376,7.6,paper_cardboard,Generated is currently proxied from recovery + incineration + landfill disposal because the official regional file exposes waste-management outcomes.
chernivtsi,Chernivetska oblast,Chernivtsi Oblast,2021,Chernivtsi,203.3,215.4,2.5,9.6,0.0,0.0,0.0,0.04456824512534819,0.9438254410399257,132.52485000000001,122.92485000000002,157288.8639386428,7.1,paper_cardboard,Generated is currently proxied from recovery + incineration + landfill disposal because the official regional file exposes waste-management outcomes.
mykolaiv,Mykolaivska oblast,Mykolaiv Oblast,2021,Mykolayiv,2294.0,2435.5,51.8,89.7,0.0,0.0,0.0,0.03683021966741942,0.9419010470129336,1498.441375,1408.741375,1802559.2909579435,6.2,paper_cardboard,Generated is currently proxied from recovery + incineration + landfill disposal because the official regional file exposes waste-management outcomes.
odesa,Odeska oblast,Odesa Oblast,2021,Odesa,647.7,700.4000000000001,43.4,9.3,0.0,0.0,0.0,0.01327812678469446,0.924757281553398,430.9211000000001,421.62110000000007,539486.5548468102,3.6,paper_cardboard,Generated is currently proxied from recovery + incineration + landfill disposal because the official regional file exposes waste-management outcomes.
kherson,Khersonska oblast,Kherson Oblast,2021,Kherson,2484.4,2512.2000000000003,0.1,27.7,0.0,0.0,0.0,0.0110261921821511,0.9889340020698988,1545.6310500000004,1517.9310500000004,1942273.2701458756,1.7,paper_cardboard,Generated is currently proxied from recovery + incineration + landfill disposal because the official regional file exposes waste-management outcomes.
zakarpattia,Zakarpatska oblast,Zakarpattia Oblast,2021,Zakarpattya,158.7,162.0,2.8,0.5,0.0,0.0,0.0,0.0030864197530864196,0.9796296296296295,99.67050000000002,99.17050000000002,126893.91348638764,0.9,paper_cardboard,Generated is currently proxied from recovery + incineration + landfill disposal because the official regional file exposes waste-management outcomes.
kherson,Khersonska oblast,Kherson Oblast,2022,Kherson,0.0,0.6,0.0,0.6,0.0,0.0,0.0,1.0,0.0,0.36915000000000003,0.0,0.0,70.0,paper_cardboard,Generated is currently proxied from recovery + incineration + landfill disposal because the official regional file exposes waste-management outcomes.
cherkasy,Cherkaska oblast,Cherkasy Oblast,2022,Cherkasy,167.4,968.9,10.4,791.1,0.0,0.0,0.0,0.8164929301269481,0.17277324801321087,596.1157250000001,0.0,0.0,65.7,paper_cardboard,Generated is currently proxied from recovery + incineration + landfill disposal because the official regional file exposes waste-management outcomes.
ivano_frankivsk,Ivano-Frankivska oblast,Ivano-Frankivsk Oblast,2022,Ivano-Frankivsk,146.5,645.3,45.8,453.0,0.0,0.0,0.0,0.701999070199907,0.22702618936928562,397.020825,0.0,0.0,64.3,paper_cardboard,Generated is currently proxied from recovery + incineration + landfill disposal because the official regional file exposes waste-management outcomes.
ternopil,Ternopilska oblast,Ternopil Oblast,2022,Ternopil,47.6,129.8,1.9,80.3,0.0,0.0,0.0,0.6186440677966101,0.36671802773497686,79.85945000000001,0.0,0.0,60.8,paper_cardboard,Generated is currently proxied from recovery + incineration + landfill disposal because the official regional file exposes waste-management outcomes.
dnipropetrovsk,Dnipropetrovska oblast,Dnipropetrovsk Oblast,2022,Dnipropetrovsk,64324.2,118505.79999999999,14.5,54167.1,2.0,2.0,0.0,0.45708395707214333,0.5427936860474339,72910.69345,18743.593450000008,23983421.74001666,56.6,paper_cardboard,Generated is currently proxied from recovery + incineration + landfill disposal because the official regional file exposes waste-management outcomes.
zaporizhzhia,Zaporizka oblast,Zaporizhzhia Oblast,2022,Zaporizhzhya,844.1,1402.6,5.0,553.5,0.0,0.0,0.0,0.3946242692143163,0.6018109225723657,862.94965,309.44965,395957.2364311255,55.0,paper_cardboard,Generated is currently proxied from recovery + incineration + landfill disposal because the official regional file exposes waste-management outcomes.
khmelnytskyi,Khmelnytska oblast,Khmelnytskyi Oblast,2022,Khmelnytskiy,299.1,469.5,11.8,158.6,0.0,0.0,0.0,0.33780617678381253,0.6370607028753994,288.85987500000005,130.25987500000005,166674.41738216174,52.5,paper_cardboard,Generated is currently proxied from recovery + incineration + landfill disposal because the official regional file exposes waste-management outcomes.
vinnytsia,Vinnytska oblast,Vinnytsia Oblast,2022,Vinnytsya,215.9,448.70000000000005,125.7,107.1,0.0,0.0,0.0,0.23868954758190325,0.48116781814129705,276.06267500000007,168.96267500000008,216196.7022842341,43.7,paper_cardboard,Generated is currently proxied from recovery + incineration + landfill disposal because the official regional file exposes waste-management outcomes.
kirovohrad,Kirovohradska oblast,Kirovohrad Oblast,2022,Kirovohrad,164.4,276.3,43.6,68.3,0.0,0.0,0.0,0.2471950778139703,0.5950054288816504,169.99357500000002,101.69357500000002,130122.32174055262,41.9,paper_cardboard,Generated is currently proxied from recovery + incineration + landfill disposal because the official regional file exposes waste-management outcomes.
volyn,Volynska oblast,Volyn Oblast,2022,Volyn,237.3,351.1,23.7,90.1,0.0,0.0,0.0,0.25662204500142405,0.675875818855027,216.01427500000003,125.91427500000003,161113.99174705404,41.1,paper_cardboard,Generated is currently proxied from recovery + incineration + landfill disposal because the official regional file exposes waste-management outcomes.
poltava,Poltavska oblast,Poltava Oblast,2022,Poltava,21498.7,22918.0,73.7,1345.6,305.0,161.0,0.0,0.058713674840736536,0.9380705122611048,14100.299500000001,12754.6995,16320314.356566433,39.1,paper_cardboard,Generated is currently proxied from recovery + incineration + landfill disposal because the official regional file exposes waste-management outcomes.
luhansk,Luhanska oblast,Luhansk Oblast,2022,Luhansk,0.0,0.0,0.0,0.0,0.0,0.0,0.0,0.0,0.0,0.0,0.0,0.0,25.0,paper_cardboard,Generated is currently proxied from recovery + incineration + landfill disposal because the official regional file exposes waste-management outcomes.
chernihiv,Chernihivska oblast,Chernihiv Oblast,2022,Chernihiv,251.4,316.1,17.7,47.0,0.0,0.0,0.0,0.14868712432774436,0.7953179373615944,194.48052500000003,147.48052500000003,188709.15222043882,24.2,paper_cardboard,Generated is currently proxied from recovery + incineration + landfill disposal because the official regional file exposes waste-management outcomes.
zhytomyr,Zhytomyrska oblast,Zhytomyr Oblast,2022,Zhytomyr,177.8,229.10000000000002,29.0,22.3,0.0,0.0,0.0,0.0973374072457442,0.7760803142732431,140.95377500000004,118.65377500000004,151823.79699288908,18.1,paper_cardboard,Generated is currently proxied from recovery + incineration + landfill disposal because the official regional file exposes waste-management outcomes.
rivne,Rivnenska oblast,Rivne Oblast,2022,Rivne,178.1,247.2,51.5,17.6,0.0,0.0,0.0,0.07119741100323626,0.7204692556634305,152.08980000000003,134.48980000000003,172086.83072084517,16.1,paper_cardboard,Generated is currently proxied from recovery + incineration + landfill disposal because the official regional file exposes waste-management outcomes.
mykolaiv,Mykolaivska oblast,Mykolaiv Oblast,2022,Mykolayiv,524.2,622.9000000000001,44.2,54.5,0.0,0.0,0.0,0.08749397977203402,0.8415475999357842,383.2392250000001,328.7392250000001,420639.2705162536,15.2,paper_cardboard,Generated is currently proxied from recovery + incineration + landfill disposal because the official regional file exposes waste-management outcomes.
lviv,Lvivska oblast,Lviv Oblast,2022,Lviv,2664.1,3011.6,63.6,283.9,0.0,0.0,0.0,0.09426882720148758,0.8846128303891619,1852.8869000000002,1568.9869000000003,2007601.9375709062,15.0,paper_cardboard,Generated is currently proxied from recovery + incineration + landfill disposal because the official regional file exposes waste-management outcomes.
kharkiv,Kharkivska oblast,Kharkiv Oblast,2022,Kharkiv,277.7,317.5,13.9,25.9,0.0,0.0,0.0,0.0815748031496063,0.8746456692913386,195.34187500000002,169.441875,216809.8640948801,13.6,paper_cardboard,Generated is currently proxied from recovery + incineration + landfill disposal because the official regional file exposes waste-management outcomes.
chernivtsi,Chernivetska oblast,Chernivtsi Oblast,2022,Chernivtsi,206.3,218.0,2.7,9.0,0.0,0.0,0.0,0.04128440366972477,0.9463302752293579,134.1245,125.12450000000001,160103.43275497764,6.6,paper_cardboard,Generated is currently proxied from recovery + incineration + landfill disposal because the official regional file exposes waste-management outcomes.
odesa,Odeska oblast,Odesa Oblast,2022,Odesa,481.0,531.8,39.9,10.9,0.0,0.0,0.0,0.02049642722828131,0.9044753666792028,327.18995,316.28995000000003,404709.76300325064,5.0,paper_cardboard,Generated is currently proxied from recovery + incineration + landfill disposal because the official regional file exposes waste-management outcomes.
zakarpattia,Zakarpatska oblast,Zakarpattia Oblast,2022,Zakarpattya,162.4,166.9,4.0,0.5,0.0,0.0,0.0,0.0029958058717795086,0.9730377471539844,102.68522500000002,102.18522500000002,130751.41398638765,1.1,paper_cardboard,Generated is currently proxied from recovery + incineration + landfill disposal because the official regional file exposes waste-management outcomes.
donetsk,Donetska oblast,Donetsk Oblast,2022,Donetsk,6980.4,6985.099999999999,0.0,4.7,0.0,0.0,0.0,0.0006728608037107558,0.9993271391962892,4297.582775,4292.882775,5492971.150272043,0.1,paper_cardboard,Generated is currently proxied from recovery + incineration + landfill disposal because the official regional file exposes waste-management outcomes.
cherkasy,Cherkaska oblast,Cherkasy Oblast,2023,Cherkasy,244.5,1152.7,5.6,902.6,0.0,0.0,0.0,0.7830311442699748,0.21211069662531448,709.1986750000001,0.0,0.0,64.7,paper_cardboard,Generated is currently proxied from recovery + incineration + landfill disposal because the official regional file exposes waste-management outcomes.
ivano_frankivsk,Ivano-Frankivska oblast,Ivano-Frankivsk Oblast,2023,Ivano-Frankivsk,168.6,739.0,58.4,512.0,0.0,0.0,0.0,0.6928281461434371,0.22814614343707712,454.6697500000001,0.0,0.0,64.3,paper_cardboard,Generated is currently proxied from recovery + incineration + landfill disposal because the official regional file exposes waste-management outcomes.
ternopil,Ternopilska oblast,Ternopil Oblast,2023,Ternopil,32.5,98.3,3.1,62.7,0.0,0.0,0.0,0.6378433367243134,0.3306205493387589,60.47907500000001,0.0,0.0,61.7,paper_cardboard,Generated is currently proxied from recovery + incineration + landfill disposal because the official regional file exposes waste-management outcomes.
dnipropetrovsk,Dnipropetrovska oblast,Dnipropetrovsk Oblast,2023,Dnipropetrovsk,69976.6,105447.40000000001,0.5,35470.3,2.0,2.0,0.0,0.33637908568632324,0.6636161726130754,64876.512850000014,29406.21285000001,37626808.671431534,51.9,paper_cardboard,Generated is currently proxied from recovery + incineration + landfill disposal because the official regional file exposes waste-management outcomes.
vinnytsia,Vinnytska oblast,Vinnytsia Oblast,2023,Vinnytsya,223.7,476.0,120.4,131.9,0.0,0.0,0.0,0.27710084033613447,0.4699579831932773,292.85900000000004,160.95900000000003,205955.57570906135,48.9,paper_cardboard,Generated is currently proxied from recovery + incineration + landfill disposal because the official regional file exposes waste-management outcomes.
volyn,Volynska oblast,Volyn Oblast,2023,Volyn,251.4,389.0,27.6,110.0,0.0,0.0,0.0,0.2827763496143959,0.6462724935732648,239.33225000000002,129.33225000000002,165487.47200528238,45.2,paper_cardboard,Generated is currently proxied from recovery + incineration + landfill disposal because the official regional file exposes waste-management outcomes.
khmelnytskyi,Khmelnytska oblast,Khmelnytskyi Oblast,2023,Khmelnytskiy,355.0,520.5,17.1,148.4,0.0,0.0,0.0,0.2851104707012488,0.6820365033621518,320.23762500000004,171.83762500000003,219875.3532598537,44.6,paper_cardboard,Generated is currently proxied from recovery + incineration + landfill disposal because the official regional file exposes waste-management outcomes.
kirovohrad,Kirovohradska oblast,Kirovohrad Oblast,2023,Kirovohrad,167.4,335.6,98.8,69.4,0.0,0.0,0.0,0.2067938021454112,0.49880810488676997,206.47790000000003,137.07790000000003,175398.44191060544,39.1,paper_cardboard,Generated is currently proxied from recovery + incineration + landfill disposal because the official regional file exposes waste-management outcomes.
poltava,Poltavska oblast,Poltava Oblast,2023,Poltava,21756.5,22949.6,3.3,1189.8,305.0,161.0,0.0,0.05184404085474257,0.948012165789382,14119.7414,12929.941400000002,16544545.660208045,38.0,paper_cardboard,Generated is currently proxied from recovery + incineration + landfill disposal because the official regional file exposes waste-management outcomes.
mykolaiv,Mykolaivska oblast,Mykolaiv Oblast,2023,Mykolayiv,222.7,320.9,22.9,75.3,0.0,0.0,0.0,0.23465253973200376,0.6939856653162979,197.433725,122.13372500000001,156276.57754997964,37.8,paper_cardboard,Generated is currently proxied from recovery + incineration + landfill disposal because the official regional file exposes waste-management outcomes.
chernihiv,Chernihivska oblast,Chernihiv Oblast,2023,Chernihiv,282.1,370.90000000000003,22.7,66.1,0.0,0.0,0.0,0.17821515233216498,0.7605823672148827,228.19622500000006,162.09622500000006,207410.715400447,28.9,paper_cardboard,Generated is currently proxied from recovery + incineration + landfill disposal because the official regional file exposes waste-management outcomes.
lviv,Lvivska oblast,Lviv Oblast,2023,Lviv,1847.5,2352.9,119.5,385.9,0.0,0.0,0.0,0.16401037018147815,0.7852012410217178,1447.6217250000002,1061.7217250000003,1358529.2472939864,26.5,paper_cardboard,Generated is currently proxied from recovery + incineration + landfill disposal because the official regional file exposes waste-management outcomes.
luhansk,Luhanska oblast,Luhansk Oblast,2023,Luhansk,0.0,0.0,0.0,0.0,0.0,0.0,0.0,0.0,0.0,0.0,0.0,0.0,25.0,paper_cardboard,Generated is currently proxied from recovery + incineration + landfill disposal because the official regional file exposes waste-management outcomes.
kherson,Khersonska oblast,Kherson Oblast,2023,Kherson,0.0,97.9,97.9,0.0,0.0,0.0,0.0,0.0,0.0,60.23297500000001,60.23297500000001,77071.2855,25.0,paper_cardboard,Generated is currently proxied from recovery + incineration + landfill disposal because the official regional file exposes waste-management outcomes.
rivne,Rivnenska oblast,Rivne Oblast,2023,Rivne,199.6,273.5,56.3,17.6,0.0,0.0,0.0,0.0643510054844607,0.729798903107861,168.27087500000002,150.67087500000002,192791.37422084517,15.0,paper_cardboard,Generated is currently proxied from recovery + incineration + landfill disposal because the official regional file exposes waste-management outcomes.
chernivtsi,Chernivetska oblast,Chernivtsi Oblast,2023,Chernivtsi,206.2,217.39999999999998,4.1,7.1,0.0,0.0,0.0,0.03265869365225391,0.9484820607175714,133.75535,126.65535,162062.23650670456,5.5,paper_cardboard,Generated is currently proxied from recovery + incineration + landfill disposal because the official regional file exposes waste-management outcomes.
zhytomyr,Zhytomyrska oblast,Zhytomyr Oblast,2023,Zhytomyr,199.1,219.5,18.2,2.2,0.0,0.0,0.0,0.010022779043280182,0.9070615034168564,135.04737500000002,132.84737500000003,169985.26084010565,3.6,paper_cardboard,Generated is currently proxied from recovery + incineration + landfill disposal because the official regional file exposes waste-management outcomes.
odesa,Odeska oblast,Odesa Oblast,2023,Odesa,513.6,549.9,32.7,3.6,0.0,0.0,0.0,0.006546644844517185,0.9339879978177852,338.325975,334.725975,428299.6346019909,2.5,paper_cardboard,Generated is currently proxied from recovery + incineration + landfill disposal because the official regional file exposes waste-management outcomes.
kharkiv,Kharkivska oblast,Kharkiv Oblast,2023,Kharkiv,463.2,476.5,7.0,6.3,0.0,0.0,0.0,0.013221406086044071,0.9720881427072403,293.166625,286.866625,367061.05842848425,2.4,paper_cardboard,Generated is currently proxied from recovery + incineration + landfill disposal because the official regional file exposes waste-management outcomes.
zakarpattia,Zakarpatska oblast,Zakarpattia Oblast,2023,Zakarpattya,184.1,188.9,4.5,0.3,0.0,0.0,0.0,0.0015881418740074113,0.9745897300158813,116.22072500000002,115.92072500000002,148326.71459183257,0.8,paper_cardboard,Generated is currently proxied from recovery + incineration + landfill disposal because the official regional file exposes waste-management outcomes.
donetsk,Donetska oblast,Donetsk Oblast,2023,Donetsk,5052.3,5056.7,0.0,4.4,0.0,0.0,0.0,0.0008701326952360236,0.999129867304764,3111.1346750000002,3106.734675,3975231.758180211,0.1,paper_cardboard,Generated is currently proxied from recovery + incineration + landfill disposal because the official regional file exposes waste-management outcomes.
zaporizhzhia,Zaporizka oblast,Zaporizhzhia Oblast,2023,Zaporizhzhya,1191.5,1193.3,1.0,0.8,0.0,0.0,0.0,0.0006704097879829046,0.9984915779770385,734.1778250000001,733.3778250000001,938395.8160782203,0.1,paper_cardboard,Generated is currently proxied from recovery + incineration + landfill disposal because the official regional file exposes waste-management outcomes.
kyiv_oblast,Kyivska oblast,Kyiv Oblast,,,0.0,0.0,0.0,0.0,0.0,0.0,0.0,0.0,0.0,0.0,0.0,0.0,25.0,paper_cardboard,Generated is currently proxied from recovery + incineration + landfill disposal because the official regional file exposes waste-management outcomes.
sumy,Sumska oblast,Sumy Oblast,,,0.0,0.0,0.0,0.0,0.0,0.0,0.0,0.0,0.0,0.0,0.0,0.0,25.0,paper_cardboard,Generated is currently proxied from recovery + incineration + landfill disposal because the official regional file exposes waste-management outcomes.
kyiv_city,m. Kyiv,Kyiv City,,,0.0,0.0,0.0,0.0,0.0,0.0,0.0,0.0,0.0,0.0,0.0,0.0,25.0,paper_cardboard,Generated is currently proxied from recovery + incineration + landfill disposal because the official regional file exposes waste-management outcomes.
